{"cameraMode":{"drawMode":0,"name":"Shaded","section":"Shading Mode"},"sceneLighting":true,"audioPlay":false,"sceneViewState":{"showFog":true,"showMaterialUpdate":false,"showSkybox":true,"showFlares":true,"showImageEffects":true,"showParticleSystems":true},"in2DMode":false,"pivot":{"x":14.502326965332032,"y":-11.978221893310547,"z":16.791358947753908},"rotation":{"x":-0.2469683736562729,"y":-0.28355467319488528,"z":0.07583098858594895,"w":-0.92351233959198},"size":41.04362869262695,"orthographic":false}